{"mtx": [[1157.679126134056, 0.0, 668.8983810722807], [0.0, 1152.4627748300686, 385.91482346637395], [0.0, 0.0, 1.0]], "dist": [[-0.2534660161278259, 0.012498728120465534, -0.0011743558217219966, 0.0004416310822958684, -0.056603690245806325]]}